point_id,x,y,cluster_id
0,1.000000,1.000000,1
1,1.000000,2.000000,1
2,2.000000,1.000000,1
3,8.000000,8.000000,2
4,8.000000,9.000000,2
5,9.000000,8.000000,2
6,15.000000,15.000000,3
7,16.000000,15.000000,3
