point_id,x,y,cluster_id
0,0.000000,6.000000,1
1,1.000000,5.000000,2
2,2.000000,4.000000,2
3,3.000000,3.000000,2
4,4.000000,2.000000,3
5,5.000000,1.000000,3
6,6.000000,0.000000,3
