point_id,x,y,cluster_id
0,0.000000,0.000000,1
1,1.000000,0.000000,2
2,2.000000,0.000000,3
3,3.000000,0.000000,3
4,4.000000,0.000000,3
